Method,Time (s)
With Lookup Table,0.011850833892822266
Without Lookup Table,56.25558018684387
